symbol,style,weight
VXUS,Small Value,0.015200
VXUS,Medium Value,0.050200
VXUS,Large Value,0.209600
VXUS,Small Blend,0.018000
VXUS,Medium Blend,0.068400
VXUS,Large Blend,0.357500
VXUS,Small Growth,0.009700
VXUS,Medium Growth,0.051000
VXUS,Large Growth,0.220300
VTI,Small Value,0.029300
VTI,Medium Value,0.054400
VTI,Large Value,0.248000
VTI,Small Blend,0.036800
VTI,Medium Blend,0.087300
VTI,Large Blend,0.254500
VTI,Small Growth,0.021200
VTI,Medium Growth,0.054000
VTI,Large Growth,0.214600
AVUV,Small Value,0.564300
AVUV,Medium Value,0.002700
AVUV,Small Blend,0.317600
AVUV,Medium Blend,0.005100
AVUV,Small Growth,0.100000
AVUV,Medium Growth,0.010300
SCHB,Small Value,0.028400
SCHB,Medium Value,0.055500
SCHB,Large Value,0.245300
SCHB,Small Blend,0.036500
SCHB,Medium Blend,0.088600
SCHB,Large Blend,0.254200
SCHB,Small Growth,0.020300
SCHB,Medium Growth,0.054400
SCHB,Large Growth,0.216700
AA,Small Value,1.000000
BABA,Large Blend,1.000000
GOOG,Large Value,1.000000
AMZN,Large Blend,1.000000
APH,Large Growth,1.000000
AAPL,Large Blend,1.000000
BRKB,Large Value,1.000000
CVX,Large Value,1.000000
CSCO,Large Blend,1.000000
XOM,Large Value,1.000000
META,Large Value,1.000000
GS,Large Value,1.000000
ISRG,Large Blend,1.000000
LVS,Medium Blend,1.000000
MA,Large Blend,1.000000
MSFT,Large Blend,1.000000
NFLX,Large Blend,1.000000
NVDA,Large Growth,1.000000
ORCL,Large Blend,1.000000
SPCX,Large Growth,1.000000
UNH,Large Value,1.000000
V,Large Blend,1.000000
WMT,Large Blend,1.000000
OMR5,Small Value,0.003500
OMR5,Medium Value,0.056800
OMR5,Large Value,0.277700
OMR5,Small Blend,0.006700
OMR5,Medium Blend,0.090600
OMR5,Large Blend,0.284600
OMR5,Small Growth,0.000700
OMR5,Medium Growth,0.040300
OMR5,Large Growth,0.239100
OMR6,Small Value,0.003500
OMR6,Medium Value,0.007800
OMR6,Large Value,0.159000
OMR6,Small Blend,0.011200
OMR6,Medium Blend,0.043800
OMR6,Large Blend,0.384000
OMR6,Small Growth,0.009900
OMR6,Medium Growth,0.070800
OMR6,Large Growth,0.309900
OMS1,Small Value,0.025500
OMS1,Medium Value,0.077600
OMS1,Large Value,0.281200
OMS1,Small Blend,0.017900
OMS1,Medium Blend,0.058500
OMS1,Large Blend,0.258900
OMS1,Small Growth,0.011100
OMS1,Medium Growth,0.049300
OMS1,Large Growth,0.220100
OMS4,Small Value,0.026600
OMS4,Medium Value,0.068800
OMS4,Large Value,0.402900
OMS4,Small Blend,0.017200
OMS4,Medium Blend,0.032900
OMS4,Large Blend,0.303200
OMS4,Small Growth,0.005300
OMS4,Medium Growth,0.015900
OMS4,Large Growth,0.127300
FXAIX,Small Value,0.003700
FXAIX,Medium Value,0.059700
FXAIX,Large Value,0.277900
FXAIX,Small Blend,0.006300
FXAIX,Medium Blend,0.095100
FXAIX,Large Blend,0.291700
FXAIX,Small Growth,0.000600
FXAIX,Medium Growth,0.033900
FXAIX,Large Growth,0.231200
FFSM,Small Value,0.144800
FFSM,Medium Value,0.035100
FFSM,Small Blend,0.325300
FFSM,Medium Blend,0.099000
FFSM,Small Growth,0.182100
FFSM,Medium Growth,0.196400
FFSM,Large Growth,0.017400
FMAG,Large Value,0.095000
FMAG,Medium Blend,0.125800
FMAG,Large Blend,0.335900
FMAG,Medium Growth,0.080100
FMAG,Large Growth,0.363100
FDRR,Small Value,0.038100
FDRR,Medium Value,0.090500
FDRR,Large Value,0.371800
FDRR,Small Blend,0.003100
FDRR,Medium Blend,0.059400
FDRR,Large Blend,0.274900
FDRR,Small Growth,0.001000
FDRR,Medium Growth,0.008300
FDRR,Large Growth,0.152900
SPY,Small Value,0.003500
SPY,Medium Value,0.056900
SPY,Large Value,0.277800
SPY,Small Blend,0.006700
SPY,Medium Blend,0.090600
SPY,Large Blend,0.284600
SPY,Small Growth,0.000700
SPY,Medium Growth,0.040300
SPY,Large Growth,0.239000
DB,Large Blend,1.000000
TTE,Large Value,1.000000
ANFGF,Large Growth,1.000000
AZN,Large Blend,1.000000
CCEP,Large Blend,1.000000
ICLR,Small Value,1.000000
GLNG,Medium Growth,1.000000
UBS,Large Growth,1.000000
LOGI,Medium Blend,1.000000
KYCCF,Large Growth,1.000000
SPOT,Large Growth,1.000000
CLBT,Medium Growth,1.000000
CHKP,Medium Blend,1.000000
ESLT,Large Growth,1.000000
ENLT,Medium Growth,1.000000
GLBE,Small Growth,1.000000
INMD,Small Value,1.000000
FROG,Small Growth,1.000000
MNDY,Small Growth,1.000000
WIX,Small Value,1.000000
AER,Medium Value,1.000000
ASMIY,Large Growth,1.000000
ASML,Large Growth,1.000000
RACE,Medium Growth,1.000000
FER,Large Growth,1.000000
STLA,Large Value,1.000000
IREN,Large Growth,1.000000
IVSBF,Large Growth,1.000000
ABBNY,Large Growth,1.000000
ACSAY,Large Growth,1.000000
AAGIY,Large Blend,1.000000
AIBGY,Large Blend,1.000000
AMKBY,Large Value,1.000000
ASXFY,Medium Blend,1.000000
ADDYY,Large Blend,1.000000
AMIGY,Medium Blend,1.000000
ATEYY,Large Growth,1.000000
AONNY,Large Value,1.000000
AGESY,Medium Value,1.000000
AIQUY,Large Blend,1.000000
EADSY,Large Growth,1.000000
AJNMY,Large Growth,1.000000
AKZOY,Medium Blend,1.000000
ALFVY,Large Blend,1.000000
ALIZY,Large Blend,1.000000
NGLOY,Large Growth,1.000000
BUD,Large Blend,1.000000
ANZGY,Large Value,1.000000
MT,Medium Blend,1.000000
ARGX,Medium Growth,1.000000
AHKSY,Large Value,1.000000
ASCCY,Large Growth,1.000000
ASAZY,Large Blend,1.000000
ARZGY,Large Blend,1.000000
ASBFY,Large Value,1.000000
ATLKY,Large Blend,1.000000
AVVIY,Large Value,1.000000
AXAHY,Large Value,1.000000
BAESY,Large Growth,1.000000
BASFY,Large Value,1.000000
BP,Large Value,1.000000
BNPQY,Large Value,1.000000
BBVA,Large Blend,1.000000
SAN,Large Growth,1.000000
NCBDY,Large Blend,1.000000
BKHYY,Large Value,1.000000
BKRIY,Large Blend,1.000000
BCS,Large Blend,1.000000
BAYRY,Large Value,1.000000
BMWKY,Large Value,1.000000
BDRFY,Large Blend,1.000000
BHP,Large Blend,1.000000
BHKLY,Large Blend,1.000000
BXBLY,Large Blend,1.000000
BRDCY,Large Value,1.000000
BTI,Large Value,1.000000
BZLFY,Medium Value,1.000000
CKHUY,Large Value,1.000000
CSLLY,Large Value,1.000000
CAIXY,Large Blend,1.000000
CAJPY,Large Value,1.000000
CABGY,Large Blend,1.000000
CLLNY,Large Value,1.000000
CJPRY,Large Value,1.000000
CPYYY,Medium Value,1.000000
CHLSY,Large Blend,1.000000
CHGCY,Large Blend,1.000000
CLPHY,Large Value,1.000000
CHEOY,Medium Blend,1.000000
CRZBY,Large Growth,1.000000
CMWAY,Large Growth,1.000000
CODYY,Large Value,1.000000
CFRUY,Large Growth,1.000000
CMPGY,Large Blend,1.000000
CMSQY,Large Growth,1.000000
CRDIY,Large Blend,1.000000
CRARY,Large Value,1.000000
DBSDY,Large Blend,1.000000
DNBBY,Large Value,1.000000
DSFIY,Large Blend,1.000000
DLICY,Large Value,1.000000
DFKUY,Large Growth,1.000000
DKILY,Large Blend,1.000000
DSNKY,Large Value,1.000000
DTRUY,Large Value,1.000000
DWAHY,Large Value,1.000000
DSEEY,Large Value,1.000000
DANOY,Large Blend,1.000000
DNKEY,Large Value,1.000000
DASTY,Large Blend,1.000000
DNZOY,Large Value,1.000000
DBOEY,Large Growth,1.000000
DTEGY,Large Value,1.000000
DHLGY,Large Value,1.000000
DEO,Large Value,1.000000
DPMAY,Medium Growth,1.000000
DSCSY,Large Growth,1.000000
EDPFY,Large Value,1.000000
E,Large Blend,1.000000
EONGY,Large Value,1.000000
EBCOY,Large Growth,1.000000
ESAIY,Medium Blend,1.000000
ENLAY,Large Value,1.000000
ENGIY,Large Value,1.000000
EQNR,Large Value,1.000000
EBKDY,Large Blend,1.000000
ESLOY,Large Blend,1.000000
EVVTY,Medium Blend,1.000000
EVMNY,Large Growth,1.000000
EXPGY,Medium Blend,1.000000
FRCOY,Large Growth,1.000000
FSUGY,Large Value,1.000000
FSNUY,Large Value,1.000000
FUJIY,Large Value,1.000000
FJIKY,Large Growth,1.000000
FJTSY,Large Blend,1.000000
GXYYY,Large Blend,1.000000
GALDY,Large Growth,1.000000
GBERY,Large Blend,1.000000
GVDNY,Large Blend,1.000000
GSK,Large Value,1.000000
GLNCY,Large Blend,1.000000
HSBC,Large Blend,1.000000
HLN,Large Blend,1.000000
HVRRY,Large Value,1.000000
HDLMY,Large Blend,1.000000
HEINY,Large Blend,1.000000
HESAY,Large Growth,1.000000
HXGBY,Large Value,1.000000
HTHIY,Large Growth,1.000000
HMC,Large Value,1.000000
HKXCY,Large Growth,1.000000
IHICY,Large Blend,1.000000
IBDRY,Large Blend,1.000000
IBIDY,Large Growth,1.000000
IMBBY,Large Value,1.000000
IDEXY,Large Blend,1.000000
IFNNY,Large Growth,1.000000
IFJPY,Medium Blend,1.000000
ING,Large Blend,1.000000
IHG,Large Growth,1.000000
ICAGY,Large Value,1.000000
IKTSY,Medium Blend,1.000000
ISNPY,Large Value,1.000000
ISUZY,Medium Value,1.000000
ITOCY,Large Value,1.000000
JAPSY,Medium Blend,1.000000
JPXGY,Large Blend,1.000000
JAPAY,Large Blend,1.000000
JMHLY,Large Value,1.000000
JBAXY,Medium Blend,1.000000
KAOOY,Large Blend,1.000000
KDDIY,Large Value,1.000000
PPRUY,Large Blend,1.000000
KRYAY,Medium Blend,1.000000
KKOYY,Medium Blend,1.000000
KGSPY,Medium Growth,1.000000
KXIAY,Large Growth,1.000000
KNBWY,Large Value,1.000000
KMTUY,Large Blend,1.000000
ADRNY,Large Value,1.000000
PHG,Large Value,1.000000
KUBTY,Large Value,1.000000
KHNGY,Large Blend,1.000000
KYOAY,Large Blend,1.000000
LRLCY,Large Blend,1.000000
LVMUY,Large Blend,1.000000
LSRCY,Large Growth,1.000000
LGGNY,Large Blend,1.000000
LGRDY,Large Blend,1.000000
FINMY,Large Growth,1.000000
LYG,Large Blend,1.000000
LSEGY,Large Blend,1.000000
LZAGY,Large Blend,1.000000
MSADY,Large Value,1.000000
MTHRY,Medium Growth,1.000000
MQBKY,Large Blend,1.000000
MKTAY,Medium Blend,1.000000
MAKSY,Medium Blend,1.000000
MARUY,Large Value,1.000000
MKKGY,Large Blend,1.000000
OUKPY,Medium Blend,1.000000
MGDDY,Large Value,1.000000
MTSUY,Large Blend,1.000000
MIELY,Large Blend,1.000000
MITEY,Large Blend,1.000000
MHVIY,Large Growth,1.000000
MUFG,Large Blend,1.000000
MITSY,Large Value,1.000000
MTSFY,Large Value,1.000000
MFG,Large Blend,1.000000
MTUAY,Large Blend,1.000000
MURGY,Large Value,1.000000
MRAAY,Large Growth,1.000000
NNGRY,Large Value,1.000000
NABZY,Large Blend,1.000000
NGG,Large Blend,1.000000
NWG,Large Value,1.000000
NTOIY,Large Blend,1.000000
NSRGY,Large Blend,1.000000
NTDOY,Large Blend,1.000000
NPSCY,Large Value,1.000000
NTTYY,Large Value,1.000000
NPNYY,Large Value,1.000000
NDEKY,Large Blend,1.000000
NOK,Large Growth,1.000000
NMR,Large Value,1.000000
NRILY,Large Growth,1.000000
NRDBY,Large Value,1.000000
NHYDY,Medium Value,1.000000
NVS,Large Blend,1.000000
NVO,Large Blend,1.000000
NVZMY,Large Growth,1.000000
OLYMY,Large Blend,1.000000
ORANY,Large Blend,1.000000
OLCLY,Large Growth,1.000000
IX,Large Value,1.000000
ORKLY,Medium Blend,1.000000
OTSKY,Large Blend,1.000000
OVCHY,Large Blend,1.000000
PCRHY,Large Blend,1.000000
PNDRY,Medium Blend,1.000000
PSO,Medium Blend,1.000000
PRNDY,Large Value,1.000000
PROSY,Large Growth,1.000000
PRYMY,Large Growth,1.000000
PUBGY,Large Value,1.000000
QBIEY,Large Value,1.000000
RWEOY,Large Blend,1.000000
RBGLY,Large Value,1.000000
RCRUY,Large Growth,1.000000
RELX,Large Blend,1.000000
RNECY,Large Blend,1.000000
RTO,Medium Blend,1.000000
REPYY,Large Value,1.000000
RSHGY,Large Growth,1.000000
RIO,Large Value,1.000000
RHHBY,Large Blend,1.000000
RYCEY,Large Growth,1.000000
SHEL,Large Value,1.000000
SKFRY,Medium Blend,1.000000
SMCAY,Large Blend,1.000000
SSEZY,Large Blend,1.000000
SAABY,Large Growth,1.000000
SAFRY,Large Growth,1.000000
SAXPY,Large Blend,1.000000
SNY,Large Value,1.000000
SAP,Large Growth,1.000000
SBGSY,Large Growth,1.000000
SOMLY,Large Blend,1.000000
SVNDY,Large Value,1.000000
STRNY,Medium Growth,1.000000
SGSOY,Large Blend,1.000000
SMNNY,Large Blend,1.000000
SHECY,Large Blend,1.000000
SIEGY,Large Blend,1.000000
SMERY,Large Blend,1.000000
SXYAY,Large Blend,1.000000
SGAPY,Large Blend,1.000000
SPXCY,Large Blend,1.000000
SKBSY,Medium Blend,1.000000
SNN,Medium Blend,1.000000
SMGZY,Medium Growth,1.000000
SCGLY,Large Blend,1.000000
SFTBY,Large Blend,1.000000
SOBKY,Large Blend,1.000000
SMPNY,Large Value,1.000000
SONY,Large Blend,1.000000
SFGYY,Medium Value,1.000000
SOUHY,Large Value,1.000000
SPXSY,Medium Blend,1.000000
SCBFY,Large Blend,1.000000
STM,Large Growth,1.000000
SEOAY,Medium Blend,1.000000
SAUHY,Large Growth,1.000000
FUJHY,Large Value,1.000000
SUBCY,Medium Blend,1.000000
SSUMY,Large Value,1.000000
SMTOY,Large Blend,1.000000
SMFG,Large Blend,1.000000
SUTNY,Large Blend,1.000000
SUHJY,Large Blend,1.000000
SNMCY,Large Value,1.000000
SVNLY,Large Value,1.000000
SZKMY,Large Value,1.000000
SWDBY,Large Value,1.000000
SSREY,Large Value,1.000000
SZLMY,Large Blend,1.000000
SYIEY,Medium Blend,1.000000
SSMXY,Medium Blend,1.000000
TTDKY,Large Blend,1.000000
TGSGY,Small Blend,1.000000
TAK,Large Blend,1.000000
TTNDY,Large Blend,1.000000
TLTZY,Medium Blend,1.000000
TLSNY,Medium Blend,1.000000
TLX,Medium Growth,1.000000
TEZNY,Large Blend,1.000000
TRUMY,Large Blend,1.000000
TSCDY,Large Blend,1.000000
TEVA,Large Blend,1.000000
THLLY,Large Growth,1.000000
TKOMY,Large Value,1.000000
TOELY,Large Growth,1.000000
TRYIY,Medium Blend,1.000000
TOTDY,Medium Growth,1.000000
TM,Large Value,1.000000
TMICY,Medium Blend,1.000000
UNCRY,Large Blend,1.000000
UL,Large Blend,1.000000
UOVEY,Large Value,1.000000
UUGRY,Medium Blend,1.000000
VACNY,Large Growth,1.000000
VEOEY,Large Value,1.000000
VWDRY,Large Growth,1.000000
VOD,Large Blend,1.000000
VLVLY,Large Blend,1.000000
VONOY,Large Value,1.000000
WRTBY,Large Growth,1.000000
WEGRY,Medium Growth,1.000000
WFAFY,Large Growth,1.000000
WJRYY,Medium Value,1.000000
WLMIY,Large Value,1.000000
WTKWY,Medium Blend,1.000000
WDS,Large Value,1.000000
YAHOY,Large Value,1.000000
ZURVY,Large Blend,1.000000
